parameter,q1,q3,iqr,lower_bound,upper_bound,outlier_count,outlier_percentage
Age,33.0,58.0,25.0,-4.5,95.5,0,0.0
Total_Bilirubin,0.8,2.6,1.8,-1.9,5.3,84,14.41
Direct_Bilirubin,0.2,1.3,1.1,-1.45,2.95,81,13.89
Alkaline_Phosphatase,175.5,298.0,122.5,-8.25,481.75,69,11.84
Alanine_Aminotransferase,23.0,60.5,37.5,-33.25,116.75,73,12.52
Aspartate_Aminotransferase,25.0,87.0,62.0,-68.0,180.0,66,11.32
Total_Proteins,5.8,7.2,1.4,3.7,9.3,8,1.37
Albumin,2.6,3.8,1.2,0.8,5.6,0,0.0
Albumin_and_Globulin_Ratio,0.7,1.1,0.4,0.1,1.7,10,1.72
